1.0000000e+00,0.0000000e+00,9.9539000e-01,-5.8890000e-02,8.5243000e-01,2.3060000e-02,8.3398000e-01,-3.7708000e-01,1.0000000e+00,3.7600000e-02,8.5243000e-01,-1.7755000e-01,5.9755000e-01,-4.4945000e-01,6.0536000e-01,-3.8223000e-01,8.4356000e-01,-3.8542000e-01,5.8212000e-01,-3.2192000e-01,5.6971000e-01,-2.9674000e-01,3.6946000e-01,-4.7357000e-01,5.6811000e-01,-5.1171000e-01,4.1078000e-01,-4.6168000e-01,2.1266000e-01,-3.4090000e-01,4.2267000e-01,-5.4487000e-01,1.8641000e-01,-4.5300000e-01
1.0000000e+00,0.0000000e+00,1.0000000e+00,-1.8829000e-01,9.3035000e-01,-3.6156000e-01,-1.0868000e-01,-9.3597000e-01,1.0000000e+00,-4.5490000e-02,5.0874000e-01,-6.7743000e-01,3.4432000e-01,-6.9707000e-01,-5.1685000e-01,-9.7515000e-01,5.4990000e-02,-6.2237000e-01,3.3109000e-01,-1.0000000e+00,-1.3151000e-01,-4.5300000e-01,-1.8056000e-01,-3.5734000e-01,-2.0332000e-01,-2.6569000e-01,-2.0468000e-01,-1.8401000e-01,-1.9040000e-01,-1.1593000e-01,-1.6626000e-01,-6.2880000e-02,-1.3738000e-01,-2.4470000e-02
1.0000000e+00,0.0000000e+00,1.0000000e+00,-3.3650000e-02,1.0000000e+00,4.8500000e-03,1.0000000e+00,-1.2062000e-01,8.8965000e-01,1.1980000e-02,7.3082000e-01,5.3460000e-02,8.5443000e-01,8.2700000e-03,5.4591000e-01,2.9900000e-03,8.3775000e-01,-1.3644000e-01,7.5535000e-01,-8.5400000e-02,7.0887000e-01,-2.7502000e-01,4.3385000e-01,-1.2062000e-01,5.7528000e-01,-4.0220000e-01,5.8984000e-01,-2.2145000e-01,4.3100000e-01,-1.7365000e-01,6.0436000e-01,-2.4180000e-01,5.6045000e-01,-3.8238000e-01
1.0000000e+00,0.0000000e+00,1.0000000e+00,-4.5161000e-01,1.0000000e+00,1.0000000e+00,7.1216000e-01,-1.0000000e+00,0.0000000e+00,0.0000000e+00,0.0000000e+00,0.0000000e+00,0.0000000e+00,0.0000000e+00,-1.0000000e+00,1.4516000e-01,5.4094000e-01,-3.9330000e-01,-1.0000000e+00,-5.4467000e-01,-6.9975000e-01,1.0000000e+00,0.0000000e+00,0.0000000e+00,1.0000000e+00,9.0695000e-01,5.1613000e-01,1.0000000e+00,1.0000000e+00,-2.0099000e-01,2.5682000e-01,1.0000000e+00,-3.2382000e-01,1.0000000e+00
1.0000000e+00,0.0000000e+00,1.0000000e+00,-2.4010000e-02,9.4140000e-01,6.5310000e-02,9.2106000e-01,-2.3255000e-01,7.7152000e-01,-1.6399000e-01,5.2798000e-01,-2.0275000e-01,5.6409000e-01,-7.1200000e-03,3.4395000e-01,-2.7457000e-01,5.2940000e-01,-2.1780000e-01,4.5107000e-01,-1.7813000e-01,5.9820000e-02,-3.5575000e-01,2.3090000e-02,-5.2879000e-01,3.2860000e-02,-6.5158000e-01,1.3290000e-01,-5.3206000e-01,2.4310000e-02,-6.2197000e-01,-5.7070000e-02,-5.9573000e-01,-4.6080000e-02,-6.5697000e-01
1.0000000e+00,0.0000000e+00,2.3370000e-02,-5.9200000e-03,-9.9240000e-02,-1.1949000e-01,-7.6300000e-03,-1.1824000e-01,1.4706000e-01,6.6370000e-02,3.7860000e-02,-6.3020000e-02,0.0000000e+00,0.0000000e+00,-4.5720000e-02,-1.5540000e-01,-3.4300000e-03,-1.0196000e-01,-1.1575000e-01,-5.4140000e-02,1.8380000e-02,3.6690000e-02,1.5190000e-02,8.8800000e-03,3.5130000e-02,-1.5350000e-02,-3.2400000e-02,9.2230000e-02,-7.8590000e-02,7.3200000e-03,0.0000000e+00,0.0000000e+00,-3.9000000e-04,1.2011000e-01
1.0000000e+00,0.0000000e+00,9.7588000e-01,-1.0602000e-01,9.4601000e-01,-2.0800000e-01,9.2806000e-01,-2.8350000e-01,8.5996000e-01,-2.7342000e-01,7.9766000e-01,-4.7929000e-01,7.8225000e-01,-5.0764000e-01,7.4628000e-01,-6.1436000e-01,5.7945000e-01,-6.8086000e-01,3.7852000e-01,-7.3641000e-01,3.6324000e-01,-7.6562000e-01,3.1898000e-01,-7.9753000e-01,2.2792000e-01,-8.1634000e-01,1.3659000e-01,-8.2510000e-01,4.6060000e-02,-8.2395000e-01,-4.2620000e-02,-8.1318000e-01,-1.3832000e-01,-8.0975000e-01
0.0000000e+00,0.0000000e+00,0.0000000e+00,0.0000000e+00,0.0000000e+00,0.0000000e+00,1.0000000e+00,-1.0000000e+00,0.0000000e+00,0.0000000e+00,-1.0000000e+00,-1.0000000e+00,0.0000000e+00,0.0000000e+00,0.0000000e+00,0.0000000e+00,1.0000000e+00,1.0000000e+00,-1.0000000e+00,-1.0000000e+00,0.0000000e+00,0.0000000e+00,0.0000000e+00,0.0000000e+00,1.0000000e+00,1.0000000e+00,1.0000000e+00,1.0000000e+00,0.0000000e+00,0.0000000e+00,1.0000000e+00,1.0000000e+00,0.0000000e+00,0.0000000e+00
1.0000000e+00,0.0000000e+00,9.6355000e-01,-7.1980000e-02,1.0000000e+00,-1.4333000e-01,1.0000000e+00,-2.1313000e-01,1.0000000e+00,-3.6174000e-01,9.2570000e-01,-4.3569000e-01,9.4510000e-01,-4.0668000e-01,9.0392000e-01,-4.6381000e-01,9.8305000e-01,-3.5257000e-01,8.4537000e-01,-6.6020000e-01,7.5346000e-01,-6.0589000e-01,6.9637000e-01,-6.4225000e-01,8.5106000e-01,-6.5440000e-01,5.7577000e-01,-6.9712000e-01,2.5435000e-01,-6.3919000e-01,4.5114000e-01,-7.2779000e-01,3.8895000e-01,-7.3420000e-01
1.0000000e+00,0.0000000e+00,-1.8640000e-02,-8.4590000e-02,0.0000000e+00,0.0000000e+00,0.0000000e+00,0.0000000e+00,1.1470000e-01,-2.6810000e-01,-4.5663000e-01,-3.8172000e-01,0.0000000e+00,0.0000000e+00,-3.3656000e-01,3.8602000e-01,-3.7133000e-01,1.5018000e-01,6.3728000e-01,2.2115000e-01,0.0000000e+00,0.0000000e+00,0.0000000e+00,0.0000000e+00,-1.4803000e-01,-1.3260000e-02,2.0645000e-01,-2.2940000e-02,0.0000000e+00,0.0000000e+00,1.6595000e-01,2.4086000e-01,-8.2080000e-02,3.8065000e-01
1.0000000e+00,0.0000000e+00,1.0000000e+00,6.6550000e-02,1.0000000e+00,-1.8388000e-01,1.0000000e+00,-2.7320000e-01,1.0000000e+00,-4.3107000e-01,1.0000000e+00,-4.1349000e-01,9.6232000e-01,-5.1874000e-01,9.0711000e-01,-5.9017000e-01,8.9230000e-01,-6.6474000e-01,6.9876000e-01,-7.0997000e-01,7.0645000e-01,-7.6320000e-01,6.3081000e-01,-8.0544000e-01,5.5867000e-01,-8.9128000e-01,4.7211000e-01,-8.6500000e-01,4.0303000e-01,-8.3675000e-01,3.0996000e-01,-8.9093000e-01,2.2995000e-01,-8.9158000e-01
1.0000000e+00,0.0000000e+00,1.0000000e+00,-5.4210000e-01,1.0000000e+00,-1.0000000e+00,1.0000000e+00,-1.0000000e+00,1.0000000e+00,3.6217000e-01,1.0000000e+00,-4.1119000e-01,1.0000000e+00,1.0000000e+00,1.0000000e+00,-1.0000000e+00,1.0000000e+00,-2.9354000e-01,1.0000000e+00,-9.3599000e-01,1.0000000e+00,1.0000000e+00,1.0000000e+00,1.0000000e+00,1.0000000e+00,-4.0888000e-01,1.0000000e+00,-6.2745000e-01,1.0000000e+00,-1.0000000e+00,1.0000000e+00,-1.0000000e+00,1.0000000e+00,-1.0000000e+00
1.0000000e+00,0.0000000e+00,1.0000000e+00,-1.6316000e-01,1.0000000e+00,-1.0169000e-01,9.9999000e-01,-1.5197000e-01,1.0000000e+00,-1.9277000e-01,9.4055000e-01,-3.5151000e-01,9.5735000e-01,-2.9785000e-01,9.3719000e-01,-3.4412000e-01,9.4486000e-01,-2.8106000e-01,9.0137000e-01,-4.3383000e-01,8.6043000e-01,-4.7308000e-01,8.2987000e-01,-5.1220000e-01,8.4080000e-01,-4.7137000e-01,7.6224000e-01,-5.8370000e-01,6.5723000e-01,-6.8794000e-01,6.8714000e-01,-6.4537000e-01,6.4727000e-01,-6.7226000e-01
1.0000000e+00,0.0000000e+00,1.0000000e+00,-8.6701000e-01,1.0000000e+00,2.2280000e-01,8.5492000e-01,-3.9896000e-01,1.0000000e+00,-1.2090000e-01,1.0000000e+00,3.5147000e-01,1.0000000e+00,7.7720000e-02,1.0000000e+00,-1.4767000e-01,1.0000000e+00,-1.0000000e+00,1.0000000e+00,-1.0000000e+00,6.1831000e-01,1.5803000e-01,1.0000000e+00,6.2349000e-01,1.0000000e+00,-1.7012000e-01,1.0000000e+00,3.5924000e-01,1.0000000e+00,-6.6494000e-01,1.0000000e+00,8.8428000e-01,1.0000000e+00,-1.8826000e-01
1.0000000e+00,0.0000000e+00,1.0000000e+00,7.3800000e-02,1.0000000e+00,3.4200000e-02,1.0000000e+00,-5.5630000e-02,1.0000000e+00,8.7640000e-02,1.0000000e+00,1.9651000e-01,1.0000000e+00,2.0328000e-01,1.0000000e+00,1.2785000e-01,1.0000000e+00,1.0561000e-01,1.0000000e+00,2.7087000e-01,1.0000000e+00,4.4758000e-01,1.0000000e+00,4.1750000e-01,1.0000000e+00,2.0033000e-01,1.0000000e+00,3.6743000e-01,9.5603000e-01,4.8641000e-01,1.0000000e+00,3.2492000e-01,1.0000000e+00,4.6712000e-01
1.0000000e+00,0.0000000e+00,5.0932000e-01,-9.3996000e-01,1.0000000e+00,2.6708000e-01,-3.5200000e-02,-1.0000000e+00,1.0000000e+00,-1.0000000e+00,4.3685000e-01,-1.0000000e+00,0.0000000e+00,0.0000000e+00,-1.0000000e+00,-3.4265000e-01,-3.7681000e-01,3.6230000e-02,1.0000000e+00,-1.0000000e+00,0.0000000e+00,0.0000000e+00,0.0000000e+00,0.0000000e+00,-1.6253000e-01,9.2236000e-01,3.9752000e-01,2.6501000e-01,0.0000000e+00,0.0000000e+00,1.0000000e+00,2.3188000e-01,0.0000000e+00,0.0000000e+00
1.0000000e+00,0.0000000e+00,9.9645000e-01,6.4680000e-02,1.0000000e+00,-1.2360000e-02,9.7811000e-01,2.4980000e-02,9.6112000e-01,2.3120000e-02,9.9274000e-01,7.8080000e-02,8.9323000e-01,1.0346000e-01,9.4212000e-01,5.2690000e-02,8.8809000e-01,1.1120000e-01,8.6104000e-01,8.6310000e-02,8.1633000e-01,1.1830000e-01,8.3668000e-01,1.4442000e-01,8.1329000e-01,1.3412000e-01,7.9476000e-01,1.3638000e-01,7.9110000e-01,1.5379000e-01,7.7122000e-01,1.5930000e-01,7.0941000e-01,1.2015000e-01
0.0000000e+00,0.0000000e+00,0.0000000e+00,0.0000000e+00,-1.0000000e+00,-1.0000000e+00,1.0000000e+00,1.0000000e+00,-1.0000000e+00,1.0000000e+00,-1.0000000e+00,1.0000000e+00,1.0000000e+00,-1.0000000e+00,1.0000000e+00,1.0000000e+00,-1.0000000e+00,-1.0000000e+00,-1.0000000e+00,1.0000000e+00,1.0000000e+00,-1.0000000e+00,-1.0000000e+00,1.0000000e+00,-1.0000000e+00,1.0000000e+00,1.0000000e+00,-1.0000000e+00,-1.0000000e+00,1.0000000e+00,-1.0000000e+00,-1.0000000e+00,1.0000000e+00,-1.0000000e+00
1.0000000e+00,0.0000000e+00,6.7065000e-01,2.5280000e-02,6.6626000e-01,5.0310000e-02,5.7197000e-01,1.8761000e-01,8.7760000e-02,3.4081000e-01,6.3621000e-01,1.2131000e-01,6.2099000e-01,1.4285000e-01,7.8637000e-01,1.0976000e-01,5.8373000e-01,1.8151000e-01,1.4395000e-01,4.1224000e-01,5.3888000e-01,2.1326000e-01,5.1420000e-01,2.2625000e-01,4.8838000e-01,2.3724000e-01,4.6167000e-01,2.4618000e-01,4.3433000e-01,2.5306000e-01,4.0663000e-01,2.5792000e-01,1.0000000e+00,3.3036000e-01
0.0000000e+00,0.0000000e+00,1.0000000e+00,-1.0000000e+00,0.0000000e+00,0.0000000e+00,0.0000000e+00,0.0000000e+00,1.0000000e+00,1.0000000e+00,1.0000000e+00,-1.0000000e+00,-7.1875000e-01,1.0000000e+00,0.0000000e+00,0.0000000e+00,-1.0000000e+00,1.0000000e+00,1.0000000e+00,1.0000000e+00,-1.0000000e+00,1.0000000e+00,1.0000000e+00,5.6250000e-01,-1.0000000e+00,1.0000000e+00,1.0000000e+00,1.0000000e+00,1.0000000e+00,-1.0000000e+00,1.0000000e+00,1.0000000e+00,1.0000000e+00,1.0000000e+00
1.0000000e+00,0.0000000e+00,1.0000000e+00,-6.1200000e-03,1.0000000e+00,-9.8340000e-02,1.0000000e+00,-7.6490000e-02,1.0000000e+00,-1.0605000e-01,1.0000000e+00,-1.1073000e-01,1.0000000e+00,-3.9489000e-01,1.0000000e+00,-1.5616000e-01,9.2124000e-01,-3.1884000e-01,8.6473000e-01,-3.4534000e-01,9.1693000e-01,-4.4072000e-01,9.6060000e-01,-4.6866000e-01,8.1874000e-01,-4.0372000e-01,8.2681000e-01,-4.2231000e-01,7.5784000e-01,-3.8231000e-01,8.0448000e-01,-4.0575000e-01,7.4354000e-01,-4.5039000e-01
0.0000000e+00,0.0000000e+00,1.0000000e+00,1.0000000e+00,0.0000000e+00,0.0000000e+00,0.0000000e+00,0.0000000e+00,-1.0000000e+00,-1.0000000e+00,0.0000000e+00,0.0000000e+00,0.0000000e+00,0.0000000e+00,-1.0000000e+00,-1.0000000e+00,-1.0000000e+00,-1.0000000e+00,-1.0000000e+00,1.0000000e+00,-1.0000000e+00,1.0000000e+00,0.0000000e+00,0.0000000e+00,0.0000000e+00,0.0000000e+00,1.0000000e+00,-1.0000000e+00,-1.0000000e+00,1.0000000e+00,-1.0000000e+00,1.0000000e+00,-1.0000000e+00,1.0000000e+00
1.0000000e+00,0.0000000e+00,9.6071000e-01,7.0880000e-02,1.0000000e+00,4.2960000e-02,1.0000000e+00,9.3130000e-02,9.0169000e-01,-5.1440000e-02,8.9263000e-01,2.5800000e-02,8.3250000e-01,-6.1420000e-02,8.7534000e-01,9.8310000e-02,7.6544000e-01,2.8000000e-03,7.5206000e-01,-5.2950000e-02,6.5961000e-01,-7.9050000e-02,6.4158000e-01,-5.9290000e-02,5.5677000e-01,-7.7050000e-02,5.8051000e-01,-2.2050000e-02,4.9664000e-01,-1.2510000e-02,5.1310000e-01,-1.5000000e-04,5.2099000e-01,-1.8200000e-03
0.0000000e+00,0.0000000e+00,-1.0000000e+00,1.0000000e+00,0.0000000e+00,0.0000000e+00,0.0000000e+00,0.0000000e+00,-1.0000000e+00,1.0000000e+00,1.0000000e+00,1.0000000e+00,0.0000000e+00,0.0000000e+00,0.0000000e+00,0.0000000e+00,1.0000000e+00,-1.0000000e+00,-1.0000000e+00,1.0000000e+00,1.0000000e+00,1.0000000e+00,0.0000000e+00,0.0000000e+00,-1.0000000e+00,-1.0000000e+00,1.0000000e+00,-1.0000000e+00,1.0000000e+00,1.0000000e+00,-1.0000000e+00,1.0000000e+00,0.0000000e+00,0.0000000e+00
1.0000000e+00,0.0000000e+00,1.0000000e+00,-6.1820000e-02,1.0000000e+00,2.9420000e-02,1.0000000e+00,-5.1310000e-02,1.0000000e+00,-1.7070000e-02,1.0000000e+00,-1.1726000e-01,8.4493000e-01,-5.2020000e-02,9.3392000e-01,-6.5980000e-02,6.9170000e-01,-7.3790000e-02,6.5731000e-01,-2.0367000e-01,9.4910000e-01,-3.1558000e-01,8.0852000e-01,-3.1654000e-01,8.4932000e-01,-3.4838000e-01,7.2529000e-01,-2.9174000e-01,7.3094000e-01,-3.8576000e-01,5.4356000e-01,-2.6284000e-01,6.4207000e-01,-3.9487000e-01
1.0000000e+00,0.0000000e+00,1.0000000e+00,5.7820000e-01,1.0000000e+00,-1.0000000e+00,1.0000000e+00,-1.0000000e+00,1.0000000e+00,-1.0000000e+00,1.0000000e+00,-1.0000000e+00,1.0000000e+00,-1.0000000e+00,1.0000000e+00,-1.0000000e+00,1.0000000e+00,-1.0000000e+00,1.0000000e+00,-1.0000000e+00,1.0000000e+00,-6.2796000e-01,1.0000000e+00,-1.0000000e+00,1.0000000e+00,-1.0000000e+00,1.0000000e+00,-1.0000000e+00,1.0000000e+00,-1.0000000e+00,1.0000000e+00,-1.0000000e+00,1.0000000e+00,-1.0000000e+00
1.0000000e+00,0.0000000e+00,1.0000000e+00,-8.7140000e-02,1.0000000e+00,-1.7263000e-01,8.6635000e-01,-8.1779000e-01,9.4817000e-01,6.1053000e-01,9.5473000e-01,-4.1382000e-01,8.8486000e-01,-3.1736000e-01,8.7937000e-01,-2.3433000e-01,8.1051000e-01,-6.2180000e-01,1.2245000e-01,-1.0000000e+00,9.0284000e-01,1.1053000e-01,6.2357000e-01,-7.8547000e-01,5.5389000e-01,-8.2868000e-01,4.8136000e-01,-8.6583000e-01,4.0650000e-01,-8.9674000e-01,3.2984000e-01,-9.2128000e-01,-1.3341000e-01,-1.0000000e+00
0.0000000e+00,0.0000000e+00,-1.0000000e+00,-1.0000000e+00,0.0000000e+00,0.0000000e+00,-1.0000000e+00,1.0000000e+00,1.0000000e+00,-3.7500000e-01,0.0000000e+00,0.0000000e+00,0.0000000e+00,0.0000000e+00,0.0000000e+00,0.0000000e+00,1.0000000e+00,-1.0000000e+00,-1.0000000e+00,-1.0000000e+00,1.0000000e+00,-1.0000000e+00,0.0000000e+00,0.0000000e+00,1.0000000e+00,-1.0000000e+00,-1.0000000e+00,1.0000000e+00,-1.0000000e+00,-1.0000000e+00,0.0000000e+00,0.0000000e+00,-1.0000000e+00,1.0000000e+00
1.0000000e+00,0.0000000e+00,1.0000000e+00,8.3800000e-02,1.0000000e+00,1.7387000e-01,1.0000000e+00,-1.3308000e-01,9.8172000e-01,6.4520000e-01,1.0000000e+00,4.7904000e-01,1.0000000e+00,5.9113000e-01,1.0000000e+00,7.0758000e-01,1.0000000e+00,8.2777000e-01,1.0000000e+00,9.5099000e-01,1.0000000e+00,1.0000000e+00,9.8042000e-01,1.0000000e+00,9.1624000e-01,1.0000000e+00,8.3899000e-01,1.0000000e+00,7.4822000e-01,1.0000000e+00,6.4358000e-01,1.0000000e+00,5.2479000e-01,1.0000000e+00
0.0000000e+00,0.0000000e+00,-1.0000000e+00,-1.0000000e+00,1.0000000e+00,1.0000000e+00,1.0000000e+00,-1.0000000e+00,-1.0000000e+00,1.0000000e+00,1.0000000e+00,-1.0000000e+00,-1.0000000e+00,-1.0000000e+00,0.0000000e+00,0.0000000e+00,1.0000000e+00,1.0000000e+00,-1.0000000e+00,-1.0000000e+00,1.0000000e+00,-1.0000000e+00,1.0000000e+00,-1.0000000e+00,1.0000000e+00,1.0000000e+00,1.0000000e+00,-1.0000000e+00,1.0000000e+00,-1.0000000e+00,-1.0000000e+00,1.0000000e+00,1.0000000e+00,-1.0000000e+00
1.0000000e+00,0.0000000e+00,1.0000000e+00,-1.4236000e-01,1.0000000e+00,-1.6256000e-01,1.0000000e+00,-2.3656000e-01,1.0000000e+00,-7.5140000e-02,1.0000000e+00,-2.5010000e-01,1.0000000e+00,-2.6161000e-01,1.0000000e+00,-2.1975000e-01,1.0000000e+00,-3.8606000e-01,1.0000000e+00,-4.6162000e-01,1.0000000e+00,-3.5519000e-01,1.0000000e+00,-5.9661000e-01,1.0000000e+00,-4.7643000e-01,9.8820000e-01,-4.9687000e-01,1.0000000e+00,-7.5820000e-01,1.0000000e+00,-7.5761000e-01,1.0000000e+00,-8.4437000e-01
1.0000000e+00,0.0000000e+00,1.0000000e+00,-1.0000000e+00,1.0000000e+00,1.0000000e+00,1.0000000e+00,-1.0000000e+00,1.0000000e+00,-1.0000000e+00,1.0000000e+00,-1.0000000e+00,1.0000000e+00,-1.8400000e-02,1.0000000e+00,-1.0000000e+00,1.0000000e+00,1.0000000e+00,1.0000000e+00,-8.5583000e-01,1.0000000e+00,1.0000000e+00,1.0000000e+00,-1.0000000e+00,0.0000000e+00,0.0000000e+00,1.0000000e+00,1.0000000e+00,1.0000000e+00,-7.9141000e-01,1.0000000e+00,1.0000000e+00,1.0000000e+00,1.0000000e+00
1.0000000e+00,0.0000000e+00,8.8208000e-01,-1.4639000e-01,9.3408000e-01,-1.1057000e-01,9.2100000e-01,-1.6450000e-01,8.8307000e-01,-1.7036000e-01,8.8462000e-01,-3.1809000e-01,8.5269000e-01,-3.1463000e-01,8.2116000e-01,-3.5924000e-01,8.0681000e-01,-3.3632000e-01,7.5243000e-01,-4.7022000e-01,7.0555000e-01,-4.7153000e-01,6.6150000e-01,-5.0085000e-01,6.1297000e-01,-4.8086000e-01,5.6804000e-01,-5.4629000e-01,5.0179000e-01,-5.9854000e-01,4.7075000e-01,-5.7377000e-01,4.2189000e-01,-5.8086000e-01
1.0000000e+00,0.0000000e+00,7.1253000e-01,-2.5950000e-02,4.1287000e-01,-2.3067000e-01,9.8019000e-01,-9.4730000e-02,9.9709000e-01,-1.0236000e-01,1.0000000e+00,-1.0951000e-01,5.8965000e-01,1.0000000e+00,8.3726000e-01,-1.0000000e+00,8.2270000e-01,-1.7863000e-01,8.0760000e-01,-2.8257000e-01,-2.5914000e-01,9.2730000e-01,5.1933000e-01,5.4560000e-02,6.5493000e-01,-2.0392000e-01,9.3124000e-01,-4.1307000e-01,6.3811000e-01,-2.1901000e-01,8.6136000e-01,-8.7354000e-01,-2.3186000e-01,-1.0000000e+00
1.0000000e+00,0.0000000e+00,1.0000000e+00,-1.5899000e-01,7.2314000e-01,2.7686000e-01,8.3443000e-01,-5.8388000e-01,1.0000000e+00,-2.8207000e-01,1.0000000e+00,-4.9863000e-01,7.9962000e-01,-1.2527000e-01,7.6837000e-01,1.4638000e-01,1.0000000e+00,3.9337000e-01,1.0000000e+00,2.6590000e-01,9.6354000e-01,-1.8910000e-02,9.2599000e-01,-9.1338000e-01,1.0000000e+00,1.4803000e-01,1.0000000e+00,-1.1582000e-01,1.0000000e+00,-1.1129000e-01,1.0000000e+00,5.3372000e-01,1.0000000e+00,-5.7758000e-01
1.0000000e+00,0.0000000e+00,6.6161000e-01,-1.0000000e+00,1.0000000e+00,1.0000000e+00,1.0000000e+00,-6.7321000e-01,8.0893000e-01,-4.0446000e-01,1.0000000e+00,-1.0000000e+00,1.0000000e+00,-8.9375000e-01,1.0000000e+00,7.3393000e-01,1.7589000e-01,7.0982000e-01,1.0000000e+00,7.8036000e-01,1.0000000e+00,8.5268000e-01,1.0000000e+00,-1.0000000e+00,1.0000000e+00,8.5357000e-01,1.0000000e+00,-8.5710000e-02,9.5982000e-01,-3.6250000e-01,1.0000000e+00,6.5268000e-01,1.0000000e+00,3.4732000e-01
1.0000000e+00,0.0000000e+00,1.0000000e+00,4.3300000e-03,1.0000000e+00,-1.2090000e-02,1.0000000e+00,-2.9600000e-02,1.0000000e+00,-7.0140000e-02,9.7839000e-01,-6.2560000e-02,1.0000000e+00,-6.5440000e-02,9.7261000e-01,-7.9170000e-02,9.2561000e-01,-1.3665000e-01,9.4184000e-01,-1.4327000e-01,9.9589000e-01,-1.4248000e-01,9.4815000e-01,-1.3565000e-01,8.9469000e-01,-2.0851000e-01,8.9067000e-01,-1.7909000e-01,8.5644000e-01,-1.8552000e-01,8.3777000e-01,-2.0101000e-01,8.3867000e-01,-2.0766000e-01
0.0000000e+00,0.0000000e+00,1.0000000e+00,1.0000000e+00,1.0000000e+00,-1.0000000e+00,0.0000000e+00,0.0000000e+00,0.0000000e+00,0.0000000e+00,-1.0000000e+00,-1.0000000e+00,0.0000000e+00,0.0000000e+00,0.0000000e+00,0.0000000e+00,-1.0000000e+00,1.0000000e+00,1.0000000e+00,1.0000000e+00,-1.0000000e+00,1.0000000e+00,-1.0000000e+00,1.0000000e+00,1.0000000e+00,-1.0000000e+00,1.0000000e+00,1.0000000e+00,-1.0000000e+00,1.0000000e+00,1.0000000e+00,1.0000000e+00,0.0000000e+00,0.0000000e+00
1.0000000e+00,0.0000000e+00,9.1241000e-01,4.3470000e-02,9.4191000e-01,2.2800000e-02,9.4705000e-01,5.3450000e-02,9.3582000e-01,1.3210000e-02,9.1911000e-01,6.3480000e-02,9.2766000e-01,1.2067000e-01,9.2048000e-01,6.2110000e-02,8.8899000e-01,1.2722000e-01,8.3744000e-01,1.4439000e-01,8.0983000e-01,1.1849000e-01,7.7041000e-01,1.4222000e-01,7.5755000e-01,1.1299000e-01,7.3550000e-01,1.3282000e-01,6.6387000e-01,1.5300000e-01,7.0925000e-01,1.0754000e-01,6.5258000e-01,1.1447000e-01
1.0000000e+00,0.0000000e+00,1.0000000e+00,2.4610000e-02,9.9672000e-01,4.8610000e-02,9.7545000e-01,7.1430000e-02,6.1745000e-01,-1.0000000e+00,9.1036000e-01,1.1147000e-01,8.8462000e-01,5.3640000e-01,8.2077000e-01,1.4137000e-01,7.6929000e-01,1.5189000e-01,1.0000000e+00,4.1003000e-01,6.5850000e-01,1.6371000e-01,6.0138000e-01,1.6516000e-01,5.4446000e-01,1.6390000e-01,4.8867000e-01,1.6019000e-01,4.3481000e-01,1.5436000e-01,3.8352000e-01,1.4677000e-01,1.0000000e+00,1.0000000e+00
1.0000000e+00,0.0000000e+00,1.0000000e+00,6.5380000e-02,1.0000000e+00,2.0746000e-01,1.0000000e+00,2.6281000e-01,9.3051000e-01,3.2213000e-01,8.6773000e-01,3.9039000e-01,7.5474000e-01,5.0082000e-01,7.9555000e-01,5.2321000e-01,6.5954000e-01,6.0756000e-01,5.7619000e-01,6.2999000e-01,4.7807000e-01,6.7135000e-01,4.0553000e-01,6.8840000e-01,3.4384000e-01,7.2082000e-01,2.7712000e-01,7.2386000e-01,1.9296000e-01,7.0682000e-01,1.1372000e-01,7.2688000e-01,6.9900000e-02,7.1444000e-01
1.0000000e+00,0.0000000e+00,-1.0000000e+00,-1.0000000e+00,1.0000000e+00,1.0000000e+00,1.0000000e+00,-1.4375000e-01,0.0000000e+00,0.0000000e+00,-1.0000000e+00,1.0000000e+00,1.0000000e+00,1.0000000e+00,1.7917000e-01,-1.0000000e+00,-1.0000000e+00,-1.0000000e+00,8.7500000e-02,-1.0000000e+00,1.0000000e+00,-1.0000000e+00,-1.0000000e+00,1.0000000e+00,-1.0000000e+00,-1.0000000e+00,1.0000000e+00,-1.0000000e+00,-1.0000000e+00,-1.0000000e+00,1.0000000e+00,1.0000000e+00,0.0000000e+00,0.0000000e+00
1.0000000e+00,0.0000000e+00,9.0932000e-01,8.7910000e-02,8.6528000e-01,1.6888000e-01,1.0000000e+00,1.6598000e-01,5.5187000e-01,6.8154000e-01,7.0207000e-01,3.6719000e-01,1.6286000e-01,4.2739000e-01,5.7620000e-01,4.6086000e-01,5.1067000e-01,4.9618000e-01,3.1639000e-01,1.2967000e-01,3.7824000e-01,5.4462000e-01,3.1274000e-01,5.5826000e-01,2.4856000e-01,5.6527000e-01,1.8626000e-01,5.6605000e-01,1.2635000e-01,5.6101000e-01,6.9270000e-02,5.5061000e-01,1.2137000e-01,6.7739000e-01
1.0000000e+00,0.0000000e+00,-6.4286000e-01,-1.0000000e+00,1.0000000e+00,8.2857000e-01,1.0000000e+00,-1.0000000e+00,1.0000000e+00,-2.3393000e-01,1.0000000e+00,9.6161000e-01,1.0000000e+00,-3.7679000e-01,1.0000000e+00,-1.0000000e+00,1.0000000e+00,1.3839000e-01,1.0000000e+00,-1.0000000e+00,1.0000000e+00,-3.3930000e-02,-8.4286000e-01,1.0000000e+00,5.3750000e-01,8.5714000e-01,1.0000000e+00,1.0000000e+00,1.0000000e+00,-1.0000000e+00,1.0000000e+00,-1.0000000e+00,1.0000000e+00,-1.0000000e+00
1.0000000e+00,0.0000000e+00,9.9025000e-01,-5.7850000e-02,9.9793000e-01,-1.3009000e-01,9.8663000e-01,-1.9430000e-01,9.9374000e-01,-2.5843000e-01,9.2738000e-01,-3.0130000e-01,9.2651000e-01,-3.7965000e-01,8.9812000e-01,-4.3796000e-01,8.4922000e-01,-5.2064000e-01,8.7433000e-01,-5.7075000e-01,7.9016000e-01,-5.9839000e-01,7.4725000e-01,-6.4615000e-01,6.8282000e-01,-6.8479000e-01,6.5247000e-01,-7.3174000e-01,6.1010000e-01,-7.5353000e-01,5.4752000e-01,-8.0278000e-01,4.9195000e-01,-8.3245000e-01
0.0000000e+00,0.0000000e+00,0.0000000e+00,0.0000000e+00,0.0000000e+00,0.0000000e+00,0.0000000e+00,0.0000000e+00,1.0000000e+00,1.0000000e+00,1.0000000e+00,1.0000000e+00,0.0000000e+00,0.0000000e+00,0.0000000e+00,0.0000000e+00,-3.7500000e-01,-1.0000000e+00,-1.0000000e+00,-1.0000000e+00,0.0000000e+00,0.0000000e+00,0.0000000e+00,0.0000000e+00,-1.0000000e+00,-1.0000000e+00,-1.0000000e+00,-1.0000000e+00,-1.0000000e+00,1.0000000e+00,1.0000000e+00,0.0000000e+00,0.0000000e+00,0.0000000e+00
1.0000000e+00,0.0000000e+00,1.0000000e+00,-3.7300000e-02,1.0000000e+00,-7.3830000e-02,9.9601000e-01,-1.1039000e-01,9.9838000e-01,-9.9310000e-02,9.8941000e-01,-1.3814000e-01,9.6674000e-01,-2.1695000e-01,9.5288000e-01,-2.5099000e-01,9.1236000e-01,-3.4400000e-01,9.0581000e-01,-3.2152000e-01,8.9991000e-01,-3.4691000e-01,8.7874000e-01,-3.7643000e-01,8.6213000e-01,-4.2990000e-01,8.3172000e-01,-4.3122000e-01,8.1433000e-01,-4.2593000e-01,7.7919000e-01,-4.7977000e-01,7.5115000e-01,-5.0152000e-01
1.0000000e+00,0.0000000e+00,9.4598000e-01,-2.6850000e-02,-1.0000000e+00,2.6131000e-01,-3.6393000e-01,3.5639000e-01,6.9258000e-01,-6.3427000e-01,1.0000000e+00,-3.3530000e-02,-2.9020000e-01,-5.5000000e-03,-5.4852000e-01,1.5452000e-01,9.1921000e-01,-4.6270000e-01,1.0000000e+00,-5.0424000e-01,-2.9735000e-01,-3.1454000e-01,-7.3864000e-01,3.7361000e-01,8.3872000e-01,-4.6734000e-01,5.2208000e-01,-5.8130000e-01,1.0000000e+00,-6.1393000e-01,-9.6340000e-02,2.0477000e-01,-6.1170000e-02,4.1913000e-01
1.0000000e+00,0.0000000e+00,9.8166000e-01,8.7400000e-03,9.8103000e-01,-3.8180000e-02,9.7565000e-01,-5.6990000e-02,9.5947000e-01,-6.9710000e-02,9.9004000e-01,-4.5070000e-02,9.4713000e-01,-1.1102000e-01,9.3369000e-01,-1.2790000e-01,9.4217000e-01,-1.1583000e-01,7.9682000e-01,-1.9200000e-01,8.8274000e-01,-1.7387000e-01,8.6257000e-01,-1.8739000e-01,8.8487000e-01,-1.9689000e-01,8.1813000e-01,-2.1136000e-01,7.8546000e-01,-2.3864000e-01,7.6911000e-01,-2.3095000e-01,7.4323000e-01,-2.3902000e-01
1.0000000e+00,0.0000000e+00,0.0000000e+00,0.0000000e+00,1.0000000e+00,5.1724000e-01,0.0000000e+00,0.0000000e+00,1.0991000e-01,-1.0000000e+00,0.0000000e+00,0.0000000e+00,0.0000000e+00,0.0000000e+00,-1.0000000e+00,-2.2414000e-01,-5.5711000e-01,-8.3297000e-01,7.6940000e-01,6.3147000e-01,0.0000000e+00,0.0000000e+00,5.3448000e-01,3.5668000e-01,-9.0302000e-01,4.4828000e-01,1.0000000e+00,-1.0000000e+00,-1.0000000e+00,8.1573000e-01,0.0000000e+00,0.0000000e+00,0.0000000e+00,0.0000000e+00
1.0000000e+00,0.0000000e+00,8.4134000e-01,-1.8362000e-01,4.3644000e-01,2.9190000e-02,9.3421000e-01,-2.6700000e-03,8.7947000e-01,1.3795000e-01,8.1121000e-01,-1.7890000e-02,8.8559000e-01,5.4991000e-01,9.1714000e-01,-5.7486000e-01,7.5000000e-01,-2.9520000e-01,8.6676000e-01,-2.0104000e-01,1.0000000e+00,1.0000000e+00,4.6610000e-01,-1.6290000e-01,9.0066000e-01,-2.7780000e-02,9.3358000e-01,-1.1580000e-02,6.1582000e-01,-3.2298000e-01,8.4463000e-01,-2.5706000e-01,9.3323000e-01,-1.4250000e-02
0.0000000e+00,0.0000000e+00,1.0000000e+00,1.0000000e+00,1.0000000e+00,-1.0000000e+00,0.0000000e+00,0.0000000e+00,0.0000000e+00,0.0000000e+00,1.0000000e+00,1.0000000e+00,1.0000000e+00,1.0000000e+00,-1.0000000e+00,-1.0000000e+00,1.0000000e+00,-1.0000000e+00,-1.0000000e+00,1.0000000e+00,0.0000000e+00,0.0000000e+00,1.0000000e+00,-1.0000000e+00,1.0000000e+00,-1.0000000e+00,1.0000000e+00,1.0000000e+00,-1.0000000e+00,-1.0000000e+00,0.0000000e+00,0.0000000e+00,0.0000000e+00,0.0000000e+00
1.0000000e+00,0.0000000e+00,1.0000000e+00,1.0000000e+00,1.0000000e+00,1.0000000e+00,9.1010000e-01,1.0000000e+00,-2.6970000e-01,1.0000000e+00,-8.3152000e-01,1.0000000e+00,-1.0000000e+00,1.0000000e+00,-1.0000000e+00,7.2526000e-01,-1.0000000e+00,-5.7779000e-01,-1.0000000e+00,-4.2052000e-01,-1.0000000e+00,-1.0000000e+00,-5.2838000e-01,-1.0000000e+00,9.0014000e-01,-1.0000000e+00,1.0000000e+00,-1.0000000e+00,1.0000000e+00,-1.0000000e+00,1.0000000e+00,-3.4686000e-01,1.0000000e+00,3.4845000e-01
1.0000000e+00,0.0000000e+00,-6.7935000e-01,-1.0000000e+00,-1.0000000e+00,1.0000000e+00,1.0000000e+00,6.3317000e-01,3.5150000e-02,-1.0000000e+00,-1.0000000e+00,-1.0000000e+00,1.0000000e+00,1.0000000e+00,8.8683000e-01,-1.0000000e+00,-1.0000000e+00,1.0000000e+00,8.3840000e-01,1.0000000e+00,1.0000000e+00,-1.0000000e+00,-1.0000000e+00,-1.0000000e+00,-1.8856000e-01,1.0000000e+00,1.0000000e+00,-1.0000000e+00,-1.0000000e+00,-1.0000000e+00,-1.0000000e+00,1.0000000e+00,1.0000000e+00,3.3611000e-01
1.0000000e+00,0.0000000e+00,9.5659000e-01,8.1430000e-02,9.7487000e-01,-5.6670000e-02,9.7165000e-01,-8.4840000e-02,9.6097000e-01,-6.5610000e-02,9.4717000e-01,1.2790000e-02,9.5436000e-01,-1.6795000e-01,9.4612000e-01,-1.9497000e-01,9.9630000e-01,-3.2268000e-01,9.0343000e-01,-3.5902000e-01,9.1428000e-01,-2.7316000e-01,9.0140000e-01,-2.9807000e-01,9.9899000e-01,-4.0747000e-01,8.7244000e-01,-3.4586000e-01,9.2059000e-01,-3.0619000e-01,8.3951000e-01,-3.9061000e-01,8.2166000e-01,-4.1173000e-01
1.0000000e+00,0.0000000e+00,8.3330000e-02,-2.0685000e-01,-1.0000000e+00,1.0000000e+00,-1.0000000e+00,1.0000000e+00,7.1875000e-01,4.7173000e-01,-8.2143000e-01,-6.2723000e-01,-1.0000000e+00,-1.0000000e+00,-1.0000000e+00,1.0000000e+00,-2.7530000e-02,5.9152000e-01,-4.2113000e-01,-4.2113000e-01,-7.4628000e-01,-1.0000000e+00,-1.0000000e+00,-4.6801000e-01,-1.0000000e+00,2.3810000e-01,1.0000000e+00,-1.0000000e+00,-1.0000000e+00,-3.8914000e-01,-1.0000000e+00,-1.0000000e+00,-1.0000000e+00,6.1458000e-01
1.0000000e+00,0.0000000e+00,1.0000000e+00,-2.2590000e-02,1.0000000e+00,-4.4940000e-02,1.0000000e+00,-6.6820000e-02,1.0000000e+00,-8.7990000e-02,1.0000000e+00,5.6173000e-01,1.0000000e+00,-1.2738000e-01,1.0000000e+00,-1.4522000e-01,1.0000000e+00,3.2407000e-01,1.0000000e+00,-1.7639000e-01,9.9484000e-01,-1.8949000e-01,9.5601000e-01,-2.0081000e-01,1.0000000e+00,-9.2284000e-01,8.7280000e-01,-2.1793000e-01,8.2920000e-01,-2.2370000e-01,7.8479000e-01,-2.2765000e-01,7.3992000e-01,-2.2981000e-01
0.0000000e+00,0.0000000e+00,-1.0000000e+00,1.0000000e+00,1.0000000e+00,-1.0000000e+00,-1.0000000e+00,1.0000000e+00,0.0000000e+00,0.0000000e+00,1.0000000e+00,1.0000000e+00,-1.0000000e+00,-1.8750000e-01,1.0000000e+00,1.0000000e+00,-1.0000000e+00,-1.0000000e+00,1.0000000e+00,-1.0000000e+00,-1.0000000e+00,-1.0000000e+00,1.0000000e+00,1.0000000e+00,1.0000000e+00,-1.0000000e+00,1.0000000e+00,1.0000000e+00,1.0000000e+00,1.0000000e+00,0.0000000e+00,0.0000000e+00,-1.0000000e+00,-1.0000000e+00
1.0000000e+00,0.0000000e+00,1.0000000e+00,5.8120000e-02,9.4525000e-01,7.4180000e-02,9.9952000e-01,1.3231000e-01,1.0000000e+00,-1.9110000e-02,9.4846000e-01,7.0330000e-02,9.5713000e-01,1.4644000e-01,9.4862000e-01,1.1224000e-01,9.0896000e-01,2.0119000e-01,9.6741000e-01,1.6265000e-01,9.9695000e-01,1.4258000e-01,9.0784000e-01,1.6410000e-01,9.1667000e-01,2.2431000e-01,8.8423000e-01,2.3571000e-01,8.8568000e-01,2.2511000e-01,7.8324000e-01,2.9576000e-01,8.3574000e-01,3.1166000e-01
1.0000000e+00,0.0000000e+00,1.7188000e-01,-1.0000000e+00,-1.0000000e+00,1.0000000e+00,0.0000000e+00,0.0000000e+00,0.0000000e+00,0.0000000e+00,-1.0000000e+00,1.0000000e+00,0.0000000e+00,0.0000000e+00,-6.1354000e-01,-6.7708000e-01,8.0521000e-01,3.6146000e-01,5.1979000e-01,1.4375000e-01,0.0000000e+00,0.0000000e+00,-1.0000000e+00,-2.7083000e-01,-8.4792000e-01,9.6250000e-01,1.0000000e+00,1.0000000e+00,-1.0000000e+00,6.7708000e-01,0.0000000e+00,0.0000000e+00,0.0000000e+00,0.0000000e+00
1.0000000e+00,0.0000000e+00,1.0000000e+00,9.7710000e-02,1.0000000e+00,1.2197000e-01,1.0000000e+00,2.2574000e-01,9.8602000e-01,9.2370000e-02,9.4930000e-01,1.9211000e-01,9.2992000e-01,2.4288000e-01,8.9241000e-01,2.8343000e-01,8.5529000e-01,2.6721000e-01,8.3656000e-01,3.3129000e-01,8.3393000e-01,3.1698000e-01,7.4829000e-01,3.9597000e-01,7.6193000e-01,3.4658000e-01,6.8452000e-01,4.2746000e-01,6.2764000e-01,4.6031000e-01,5.6791000e-01,4.7033000e-01,5.4252000e-01,5.0903000e-01
1.0000000e+00,0.0000000e+00,1.6670000e-02,-3.5625000e-01,0.0000000e+00,0.0000000e+00,0.0000000e+00,0.0000000e+00,0.0000000e+00,0.0000000e+00,0.0000000e+00,0.0000000e+00,0.0000000e+00,0.0000000e+00,1.2292000e-01,-5.5000000e-01,2.2813000e-01,8.2813000e-01,1.0000000e+00,-4.2292000e-01,0.0000000e+00,0.0000000e+00,8.3330000e-02,-1.0000000e+00,-1.0625000e-01,-1.6667000e-01,1.0000000e+00,-7.6667000e-01,-1.0000000e+00,1.8854000e-01,0.0000000e+00,0.0000000e+00,1.0000000e+00,-2.7292000e-01
1.0000000e+00,0.0000000e+00,1.0000000e+00,1.6801000e-01,9.9352000e-01,1.6334000e-01,9.4616000e-01,3.3347000e-01,9.1759000e-01,2.2610000e-01,9.1408000e-01,3.7107000e-01,8.4250000e-01,4.6899000e-01,8.1011000e-01,4.9225000e-01,7.8473000e-01,4.8311000e-01,6.5091000e-01,5.6977000e-01,5.6553000e-01,5.8071000e-01,5.5586000e-01,6.4720000e-01,4.8311000e-01,5.5236000e-01,4.3317000e-01,6.9129000e-01,3.5684000e-01,7.6147000e-01,3.3921000e-01,6.6844000e-01,2.2101000e-01,7.8685000e-01
1.0000000e+00,0.0000000e+00,6.3816000e-01,1.0000000e+00,2.0833000e-01,-1.0000000e+00,1.0000000e+00,1.0000000e+00,8.7719000e-01,3.0921000e-01,-6.6886000e-01,1.0000000e+00,-5.9210000e-02,5.8772000e-01,1.7540000e-02,5.0440000e-02,-5.1535000e-01,-1.0000000e+00,1.4254000e-01,-3.2890000e-02,3.2675000e-01,-4.3860000e-01,-1.0000000e+00,1.0000000e+00,8.0921000e-01,-1.0000000e+00,1.0000000e+00,-6.1400000e-02,1.0000000e+00,1.0000000e+00,2.0614000e-01,-1.0000000e+00,1.0000000e+00,1.0000000e+00
1.0000000e+00,0.0000000e+00,1.0000000e+00,-4.1457000e-01,1.0000000e+00,7.6131000e-01,8.7060000e-01,1.8593000e-01,1.0000000e+00,-9.9250000e-02,9.3844000e-01,4.7990000e-01,6.5452000e-01,-1.6080000e-01,1.0000000e+00,8.7900000e-03,9.7613000e-01,-5.0126000e-01,8.0025000e-01,-2.4497000e-01,8.8065000e-01,-1.9095000e-01,1.0000000e+00,-1.2312000e-01,9.3593000e-01,1.0678000e-01,9.2890000e-01,-7.2490000e-02,1.0000000e+00,-2.7387000e-01,4.3970000e-01,1.9849000e-01,5.1382000e-01,-5.4020000e-02
1.0000000e+00,0.0000000e+00,8.4783000e-01,1.0598000e-01,1.0000000e+00,3.9130000e-01,1.0000000e+00,-1.0000000e+00,6.6938000e-01,8.4240000e-02,1.0000000e+00,2.7038000e-01,1.0000000e+00,6.0598000e-01,1.0000000e+00,3.5507000e-01,1.0000000e+00,2.6720000e-02,5.8424000e-01,-4.3025000e-01,1.0000000e+00,6.3496000e-01,8.9130000e-01,2.6585000e-01,9.1033000e-01,-3.3333000e-01,1.0000000e+00,1.5942000e-01,3.7681000e-01,-1.9470000e-02,1.0000000e+00,2.2464000e-01,1.0000000e+00,3.7409000e-01
1.0000000e+00,0.0000000e+00,1.0000000e+00,2.8046000e-01,1.0000000e+00,2.4770000e-02,1.0000000e+00,7.7640000e-02,1.0000000e+00,4.3170000e-02,9.8762000e-01,3.3266000e-01,1.0000000e+00,5.4890000e-02,1.0000000e+00,4.3840000e-02,9.5750000e-01,-2.4598000e-01,8.4371000e-01,-8.6680000e-02,1.0000000e+00,4.1500000e-02,9.9933000e-01,2.7376000e-01,1.0000000e+00,-3.9056000e-01,9.6414000e-01,-2.1740000e-02,8.6747000e-01,2.3360000e-01,9.4578000e-01,-2.2021000e-01,8.0355000e-01,-7.3290000e-02
0.0000000e+00,0.0000000e+00,1.0000000e+00,-1.0000000e+00,1.0000000e+00,-1.0000000e+00,1.0000000e+00,-1.0000000e+00,1.0000000e+00,-1.0000000e+00,1.0000000e+00,1.0000000e+00,1.0000000e+00,1.0000000e+00,1.0000000e+00,-1.0000000e+00,1.0000000e+00,1.0000000e+00,1.0000000e+00,1.0000000e+00,1.0000000e+00,1.0000000e+00,1.0000000e+00,-1.0000000e+00,1.0000000e+00,-1.0000000e+00,1.0000000e+00,-1.0000000e+00,1.0000000e+00,6.5625000e-01,0.0000000e+00,0.0000000e+00,1.0000000e+00,-1.0000000e+00
1.0000000e+00,0.0000000e+00,1.0000000e+00,6.7784000e-01,8.1309000e-01,8.2021000e-01,4.3019000e-01,1.0000000e+00,2.0619000e-01,8.0541000e-01,-4.3872000e-01,1.0000000e+00,-7.9135000e-01,7.7092000e-01,-1.0000000e+00,4.0268000e-01,-3.9046000e-01,-5.8634000e-01,-9.7907000e-01,-4.2822000e-01,-7.3083000e-01,-7.6339000e-01,-3.7671000e-01,-9.7491000e-01,4.1366000e-01,-1.0000000e+00,4.1778000e-01,-9.3296000e-01,2.5773000e-01,-1.0000000e+00,9.3570000e-01,-3.5222000e-01,9.8816000e-01,3.4460000e-02
1.0000000e+00,0.0000000e+00,1.0000000e+00,1.0000000e+00,1.0000000e+00,-1.0000000e+00,1.0000000e+00,-1.0000000e+00,1.0000000e+00,1.0000000e+00,1.0000000e+00,1.0000000e+00,1.0000000e+00,1.0000000e+00,1.0000000e+00,-1.0000000e+00,1.0000000e+00,1.0000000e+00,1.0000000e+00,1.0000000e+00,1.0000000e+00,1.0000000e+00,1.0000000e+00,1.0000000e+00,1.0000000e+00,1.0000000e+00,1.0000000e+00,5.0000000e-01,0.0000000e+00,0.0000000e+00,1.0000000e+00,-1.0000000e+00,1.0000000e+00,-1.0000000e+00
1.0000000e+00,0.0000000e+00,1.0000000e+00,3.5290000e-02,1.0000000e+00,1.8281000e-01,1.0000000e+00,2.6968000e-01,1.0000000e+00,2.5068000e-01,1.0000000e+00,2.8778000e-01,1.0000000e+00,3.8643000e-01,1.0000000e+00,3.1674000e-01,1.0000000e+00,6.5701000e-01,1.0000000e+00,5.3846000e-01,1.0000000e+00,6.1267000e-01,1.0000000e+00,5.9457000e-01,8.9593000e-01,6.8326000e-01,8.9502000e-01,7.1374000e-01,8.5611000e-01,6.7149000e-01,7.4389000e-01,8.5611000e-01,7.1493000e-01,7.5837000e-01
0.0000000e+00,0.0000000e+00,1.0000000e+00,-1.0000000e+00,1.0000000e+00,1.0000000e+00,-1.0000000e+00,-1.0000000e+00,1.0000000e+00,-1.0000000e+00,0.0000000e+00,0.0000000e+00,0.0000000e+00,0.0000000e+00,-1.0000000e+00,1.0000000e+00,1.0000000e+00,-1.0000000e+00,1.0000000e+00,-1.0000000e+00,-7.5000000e-01,1.0000000e+00,1.0000000e+00,-1.0000000e+00,1.0000000e+00,-1.0000000e+00,1.0000000e+00,-1.0000000e+00,-1.0000000e+00,-1.0000000e+00,0.0000000e+00,0.0000000e+00,1.0000000e+00,-1.0000000e+00
1.0000000e+00,0.0000000e+00,9.6087000e-01,8.6200000e-02,9.6760000e-01,1.9279000e-01,9.6026000e-01,2.7451000e-01,9.8044000e-01,3.5052000e-01,9.2867000e-01,4.6281000e-01,8.6265000e-01,5.2517000e-01,8.2820000e-01,5.8794000e-01,7.3242000e-01,6.9065000e-01,6.9003000e-01,7.3140000e-01,5.4473000e-01,6.8820000e-01,4.8339000e-01,7.6197000e-01,4.0615000e-01,7.4689000e-01,3.3401000e-01,8.3796000e-01,2.4944000e-01,8.6061000e-01,1.3756000e-01,8.6835000e-01,9.0480000e-02,8.6285000e-01
1.0000000e+00,0.0000000e+00,6.9444000e-01,3.8889000e-01,0.0000000e+00,0.0000000e+00,-3.2937000e-01,6.9841000e-01,0.0000000e+00,0.0000000e+00,0.0000000e+00,0.0000000e+00,0.0000000e+00,0.0000000e+00,2.0635000e-01,-2.4206000e-01,2.1032000e-01,1.9444000e-01,4.6429000e-01,7.8175000e-01,0.0000000e+00,0.0000000e+00,0.0000000e+00,0.0000000e+00,7.3413000e-01,2.7381000e-01,7.6190000e-01,6.3492000e-01,0.0000000e+00,0.0000000e+00,0.0000000e+00,0.0000000e+00,0.0000000e+00,0.0000000e+00
1.0000000e+00,0.0000000e+00,1.0000000e+00,5.0700000e-02,1.0000000e+00,1.0827000e-01,1.0000000e+00,1.9498000e-01,1.0000000e+00,2.8453000e-01,1.0000000e+00,3.4826000e-01,1.0000000e+00,3.8261000e-01,9.4575000e-01,4.2881000e-01,8.9126000e-01,5.0391000e-01,7.5906000e-01,5.8801000e-01,8.0644000e-01,5.9962000e-01,7.9578000e-01,6.2758000e-01,6.6643000e-01,6.3942000e-01,5.9417000e-01,6.9435000e-01,4.9538000e-01,7.2684000e-01,4.7027000e-01,7.1689000e-01,3.3381000e-01,7.5243000e-01
0.0000000e+00,0.0000000e+00,1.0000000e+00,1.0000000e+00,0.0000000e+00,0.0000000e+00,1.0000000e+00,-1.0000000e+00,1.0000000e+00,-1.0000000e+00,1.0000000e+00,1.0000000e+00,1.0000000e+00,1.0000000e+00,1.0000000e+00,-1.0000000e+00,1.0000000e+00,1.0000000e+00,1.0000000e+00,1.0000000e+00,1.0000000e+00,-1.0000000e+00,-1.0000000e+00,-1.0000000e+00,1.0000000e+00,-1.0000000e+00,1.0000000e+00,-1.0000000e+00,1.0000000e+00,1.0000000e+00,0.0000000e+00,0.0000000e+00,1.0000000e+00,-1.0000000e+00
1.0000000e+00,0.0000000e+00,1.0000000e+00,4.0780000e-02,1.0000000e+00,1.1982000e-01,1.0000000e+00,1.6159000e-01,1.0000000e+00,2.7921000e-01,9.8703000e-01,3.0889000e-01,9.2745000e-01,3.7639000e-01,9.1118000e-01,3.9749000e-01,8.1939000e-01,4.6059000e-01,7.8619000e-01,4.6994000e-01,7.9400000e-01,5.6282000e-01,7.0331000e-01,5.8129000e-01,6.7077000e-01,5.9723000e-01,5.8903000e-01,6.0990000e-01,5.3952000e-01,6.0932000e-01,4.5312000e-01,6.3636000e-01,4.0442000e-01,6.2658000e-01
0.0000000e+00,0.0000000e+00,1.0000000e+00,1.0000000e+00,1.0000000e+00,-1.0000000e+00,1.0000000e+00,1.0000000e+00,1.0000000e+00,1.0000000e+00,1.0000000e+00,1.0000000e+00,1.0000000e+00,1.0000000e+00,1.0000000e+00,1.0000000e+00,1.0000000e+00,-1.0000000e+00,-1.0000000e+00,1.0000000e+00,-1.0000000e+00,1.0000000e+00,-1.0000000e+00,1.0000000e+00,1.0000000e+00,-1.0000000e+00,1.0000000e+00,1.0000000e+00,-1.0000000e+00,1.0000000e+00,-1.0000000e+00,-1.0000000e+00,-1.0000000e+00,1.0000000e+00
1.0000000e+00,0.0000000e+00,1.0000000e+00,2.4168000e-01,1.0000000e+00,4.8590000e-01,1.0000000e+00,7.2973000e-01,1.0000000e+00,1.0000000e+00,1.0000000e+00,1.0000000e+00,1.0000000e+00,1.0000000e+00,1.0000000e+00,7.7128000e-01,1.0000000e+00,1.0000000e+00,1.0000000e+00,1.0000000e+00,7.4468000e-01,1.0000000e+00,8.9647000e-01,1.0000000e+00,6.4628000e-01,1.0000000e+00,3.8255000e-01,1.0000000e+00,1.0819000e-01,1.0000000e+00,-1.7370000e-01,1.0000000e+00,-8.1383000e-01,1.0000000e+00
0.0000000e+00,0.0000000e+00,1.0000000e+00,1.0000000e+00,1.0000000e+00,-1.0000000e+00,1.0000000e+00,1.0000000e+00,-1.0000000e+00,1.0000000e+00,0.0000000e+00,0.0000000e+00,1.0000000e+00,1.0000000e+00,0.0000000e+00,0.0000000e+00,0.0000000e+00,0.0000000e+00,-1.0000000e+00,1.0000000e+00,-1.0000000e+00,1.0000000e+00,1.0000000e+00,1.0000000e+00,1.0000000e+00,-1.0000000e+00,1.0000000e+00,1.0000000e+00,1.0000000e+00,1.0000000e+00,1.0000000e+00,-1.0000000e+00,-1.0000000e+00,1.0000000e+00
1.0000000e+00,0.0000000e+00,1.0000000e+00,-6.6040000e-02,1.0000000e+00,6.2937000e-01,1.0000000e+00,9.5570000e-02,1.0000000e+00,2.0280000e-01,1.0000000e+00,-1.0000000e+00,1.0000000e+00,-4.0559000e-01,1.0000000e+00,-1.5851000e-01,1.0000000e+00,4.8950000e-02,1.0000000e+00,-6.1538000e-01,1.0000000e+00,-2.6573000e-01,1.0000000e+00,-1.0000000e+00,1.0000000e+00,-5.8042000e-01,1.0000000e+00,-8.1372000e-01,1.0000000e+00,-1.0000000e+00,1.0000000e+00,-7.8555000e-01,1.0000000e+00,-4.8252000e-01
0.0000000e+00,0.0000000e+00,1.0000000e+00,-1.0000000e+00,1.0000000e+00,1.0000000e+00,1.0000000e+00,1.0000000e+00,1.0000000e+00,1.0000000e+00,1.0000000e+00,1.0000000e+00,1.0000000e+00,-1.0000000e+00,1.0000000e+00,-1.0000000e+00,1.0000000e+00,1.0000000e+00,1.0000000e+00,-1.0000000e+00,1.0000000e+00,1.0000000e+00,1.0000000e+00,1.0000000e+00,1.0000000e+00,-1.0000000e+00,1.0000000e+00,1.0000000e+00,1.0000000e+00,-1.0000000e+00,1.0000000e+00,1.0000000e+00,1.0000000e+00,-1.0000000e+00
1.0000000e+00,0.0000000e+00,9.2277000e-01,7.8040000e-02,9.2679000e-01,1.6251000e-01,8.9702000e-01,2.4618000e-01,8.4111000e-01,3.5197000e-01,7.8801000e-01,4.2196000e-01,7.0716000e-01,4.6983000e-01,7.0796000e-01,5.6476000e-01,6.0459000e-01,6.4200000e-01,5.1247000e-01,6.4924000e-01,3.9903000e-01,6.6975000e-01,3.4232000e-01,6.8343000e-01,2.3693000e-01,7.6146000e-01,1.8765000e-01,7.3885000e-01,9.6940000e-02,7.1038000e-01,2.7350000e-02,7.7072000e-01,-4.0230000e-02,6.9509000e-01
1.0000000e+00,0.0000000e+00,6.8198000e-01,-1.7314000e-01,8.2332000e-01,2.1908000e-01,4.6643000e-01,3.2862000e-01,2.5795000e-01,5.8304000e-01,1.0000000e+00,-1.5194000e-01,1.0600000e-02,4.4523000e-01,1.0600000e-02,3.8869000e-01,1.8681000e-01,4.1168000e-01,1.0567000e-01,3.6353000e-01,4.3250000e-02,3.0745000e-01,-8.3000000e-04,2.4936000e-01,-2.8620000e-02,1.9405000e-01,-4.3140000e-02,1.4481000e-01,-4.7790000e-02,1.0349000e-01,-4.5850000e-02,7.0640000e-02,-4.0130000e-02,4.5860000e-02
1.0000000e+00,0.0000000e+00,7.4852000e-01,-2.8110000e-02,6.5680000e-01,-5.1780000e-02,8.0621000e-01,2.8110000e-02,8.5947000e-01,2.5150000e-02,6.3462000e-01,8.7280000e-02,7.1598000e-01,7.8400000e-02,7.3077000e-01,5.1780000e-02,7.8550000e-01,-2.7811000e-01,6.5976000e-01,-1.4790000e-02,7.8698000e-01,6.9530000e-02,3.4615000e-01,-1.8639000e-01,6.5385000e-01,2.8110000e-02,6.1009000e-01,-6.6370000e-02,5.3550000e-01,-2.1154000e-01,5.9024000e-01,-1.4053000e-01,5.6361000e-01,2.9590000e-02
1.0000000e+00,0.0000000e+00,3.9179000e-01,-6.3430000e-02,9.7464000e-01,4.3280000e-02,1.0000000e+00,1.0000000e+00,3.5821000e-01,1.5299000e-01,5.4478000e-01,1.3060000e-01,6.1567000e-01,-8.2090000e-01,5.7836000e-01,6.7910000e-01,6.6791000e-01,-1.0448000e-01,4.6642000e-01,-1.1567000e-01,6.5574000e-01,1.4792000e-01,8.3209000e-01,4.5522000e-01,4.7015000e-01,1.6418000e-01,4.9309000e-01,1.4630000e-01,3.2463000e-01,-2.6120000e-02,3.9118000e-01,1.3521000e-01,3.4411000e-01,1.2755000e-01
1.0000000e+00,0.0000000e+00,6.7547000e-01,4.5280000e-02,7.6981000e-01,-1.0566000e-01,7.7358000e-01,3.7740000e-02,6.6038000e-01,-4.5280000e-02,6.4528000e-01,1.1320000e-02,6.6792000e-01,-1.3962000e-01,7.2075000e-01,-2.2640000e-02,7.6981000e-01,8.6790000e-02,6.1887000e-01,-7.9250000e-02,7.5849000e-01,-2.3774000e-01,7.3962000e-01,-1.4717000e-01,8.4906000e-01,-1.5094000e-01,7.3886000e-01,-5.8010000e-02,6.6792000e-01,2.2640000e-02,8.6415000e-01,3.7740000e-02,7.3208000e-01,7.5500000e-03
1.0000000e+00,0.0000000e+00,7.2727000e-01,-5.0000000e-02,8.9241000e-01,3.4620000e-02,1.0000000e+00,7.2727000e-01,6.6364000e-01,-5.9090000e-02,4.8182000e-01,-1.6818000e-01,8.1809000e-01,9.5590000e-02,5.6818000e-01,1.0000000e+00,5.0455000e-01,2.1818000e-01,6.6818000e-01,1.0000000e-01,1.0000000e+00,-3.0000000e-01,9.8636000e-01,-1.0000000e+00,5.7273000e-01,3.2727000e-01,5.6982000e-01,1.4673000e-01,4.2273000e-01,8.1820000e-02,4.8927000e-01,1.4643000e-01,1.0000000e+00,1.0000000e+00
1.0000000e+00,0.0000000e+00,5.7647000e-01,-1.5690000e-02,4.0392000e-01,0.0000000e+00,3.8431000e-01,1.2941000e-01,4.0000000e-01,-5.8820000e-02,5.6471000e-01,1.4118000e-01,4.6667000e-01,8.2350000e-02,5.2549000e-01,-5.4900000e-02,5.8039000e-01,1.5690000e-02,5.0196000e-01,0.0000000e+00,4.5882000e-01,6.6670000e-02,5.8039000e-01,8.2350000e-02,4.9804000e-01,3.9200000e-03,4.8601000e-01,1.0039000e-01,4.6275000e-01,8.2350000e-02,4.5098000e-01,2.3529000e-01,4.3137000e-01,1.7255000e-01
1.0000000e+00,0.0000000e+00,4.1932000e-01,1.2482000e-01,3.5000000e-01,1.2500000e-01,2.3182000e-01,2.7955000e-01,-3.6360000e-02,4.4318000e-01,4.5170000e-02,3.6194000e-01,-1.9091000e-01,3.3636000e-01,-1.3350000e-01,2.7322000e-01,2.7270000e-02,4.0455000e-01,-3.4773000e-01,1.2727000e-01,-2.0028000e-01,5.0780000e-02,-1.8636000e-01,3.6364000e-01,-1.4003000e-01,-4.8020000e-02,-9.9710000e-02,-7.1140000e-02,-1.0000000e+00,-1.0000000e+00,-2.9160000e-02,-7.4640000e-02,-5.2600000e-03,-6.3140000e-02
1.0000000e+00,0.0000000e+00,8.8305000e-01,-2.1996000e-01,1.0000000e+00,3.6373000e-01,8.2403000e-01,1.9206000e-01,8.5086000e-01,5.9010000e-02,9.0558000e-01,-4.2920000e-02,8.5193000e-01,2.5000000e-01,7.7897000e-01,2.5322000e-01,6.9206000e-01,5.7940000e-01,7.1030000e-01,3.9056000e-01,7.3176000e-01,2.7575000e-01,1.0000000e+00,3.4871000e-01,5.6760000e-01,5.2039000e-01,6.9811000e-01,5.3235000e-01,8.0901000e-01,5.8584000e-01,4.3026000e-01,7.0923000e-01,5.2361000e-01,5.4185000e-01
1.0000000e+00,0.0000000e+00,8.4557000e-01,-8.5800000e-02,-3.1745000e-01,-8.0553000e-01,-8.9610000e-02,-5.6435000e-01,8.0648000e-01,4.5760000e-02,8.9514000e-01,-7.6300000e-03,-1.8494000e-01,6.3966000e-01,-2.0019000e-01,-6.8065000e-01,8.5701000e-01,-1.1344000e-01,7.7979000e-01,-1.5729000e-01,-6.9590000e-02,5.0810000e-01,-3.4128000e-01,8.0934000e-01,7.8932000e-01,-3.7180000e-02,7.0882000e-01,-2.5288000e-01,7.7884000e-01,-1.4109000e-01,-2.1354000e-01,-7.8170000e-01,-1.8494000e-01,-5.9867000e-01
1.0000000e+00,0.0000000e+00,7.0870000e-01,-2.4783000e-01,6.4348000e-01,4.3480000e-02,4.5217000e-01,3.8261000e-01,6.5217000e-01,1.8261000e-01,5.0000000e-01,2.6957000e-01,5.7826000e-01,-2.3043000e-01,5.0435000e-01,3.7826000e-01,3.8696000e-01,-4.2609000e-01,3.6087000e-01,-2.6087000e-01,2.6957000e-01,1.1739000e-01,5.3246000e-01,-3.8450000e-02,3.1304000e-01,-1.2174000e-01,4.9930000e-01,-4.2640000e-02,4.8348000e-01,-4.4480000e-02,6.4348000e-01,-2.5217000e-01,5.0435000e-01,1.4783000e-01
1.0000000e+00,0.0000000e+00,-5.4180000e-01,1.4861000e-01,-3.3746000e-01,7.3375000e-01,5.2012000e-01,-1.3932000e-01,3.1889000e-01,-6.8110000e-02,2.0743000e-01,-1.5170000e-01,4.7368000e-01,8.9780000e-02,5.6347000e-01,-1.5480000e-01,1.6409000e-01,4.5201000e-01,3.3746000e-01,3.4060000e-02,5.0464000e-01,7.1210000e-02,-6.3777000e-01,-6.1610000e-01,1.0000000e+00,6.5635000e-01,4.1348000e-01,-4.0116000e-01,-1.5170000e-01,1.1146000e-01,2.3990000e-02,5.5820000e-01,5.2632000e-01,-8.9780000e-02
1.0000000e+00,0.0000000e+00,2.9202000e-01,1.3582000e-01,4.5331000e-01,1.6808000e-01,5.1783000e-01,-5.0900000e-03,5.2632000e-01,2.0883000e-01,5.2462000e-01,-1.6638000e-01,4.7368000e-01,-4.7540000e-02,5.5518000e-01,3.9050000e-02,8.1664000e-01,-2.2411000e-01,4.2445000e-01,-4.2440000e-02,3.4975000e-01,6.6210000e-02,2.8183000e-01,-2.0883000e-01,5.1731000e-01,-3.1760000e-02,5.0369000e-01,-3.3510000e-02,3.4635000e-01,9.8470000e-02,7.0798000e-01,-1.8680000e-02,3.9559000e-01,-3.2260000e-02
1.0000000e+00,0.0000000e+00,7.9157000e-01,1.6851000e-01,0.0000000e+00,0.0000000e+00,5.6541000e-01,6.8740000e-02,3.9468000e-01,1.0000000e+00,3.8359000e-01,9.9557000e-01,-2.4390000e-02,5.3215000e-01,2.3725000e-01,1.2860000e-01,-2.6610000e-02,9.5122000e-01,-5.0998000e-01,8.4922000e-01,-1.0200000e-01,3.8803000e-01,-4.2572000e-01,2.3725000e-01,-9.1574000e-01,8.0710000e-01,-3.4146000e-01,8.8248000e-01,-1.0000000e+00,6.9401000e-01,-1.0000000e+00,1.2860000e-01,0.0000000e+00,0.0000000e+00
1.0000000e+00,0.0000000e+00,9.0116000e-01,1.6607000e-01,7.9299000e-01,3.7379000e-01,7.2990000e-01,5.0515000e-01,5.9784000e-01,7.2997000e-01,4.4303000e-01,8.1152000e-01,2.4412000e-01,8.7493000e-01,6.4380000e-02,8.5038000e-01,-1.2611000e-01,8.7396000e-01,-2.8739000e-01,7.9617000e-01,-4.6635000e-01,6.5924000e-01,-5.7135000e-01,5.3805000e-01,-6.8159000e-01,3.9951000e-01,-7.1844000e-01,2.5835000e-01,-7.2369000e-01,1.1218000e-01,-7.1475000e-01,-5.5250000e-02,-6.7699000e-01,-1.9904000e-01
1.0000000e+00,0.0000000e+00,9.7714000e-01,1.9049000e-01,8.2683000e-01,4.6259000e-01,7.1771000e-01,5.8732000e-01,4.7968000e-01,8.4278000e-01,3.1409000e-01,9.2643000e-01,1.0289000e-01,9.3945000e-01,-1.3254000e-01,8.4290000e-01,-3.2020000e-01,9.1624000e-01,-5.2145000e-01,7.9525000e-01,-6.8274000e-01,4.9508000e-01,-7.7408000e-01,3.3537000e-01,-8.5376000e-01,1.7849000e-01,-8.3314000e-01,-1.3580000e-02,-8.2366000e-01,-1.9321000e-01,-6.7289000e-01,-3.3662000e-01,-5.9943000e-01,-4.9700000e-01
1.0000000e+00,0.0000000e+00,-1.0000000e+00,-1.0000000e+00,0.0000000e+00,0.0000000e+00,5.0814000e-01,-7.8502000e-01,6.0586000e-01,3.2899000e-01,-1.0000000e+00,-4.1368000e-01,0.0000000e+00,0.0000000e+00,0.0000000e+00,0.0000000e+00,1.0000000e+00,-2.6710000e-01,3.6482000e-01,-6.3518000e-01,9.7068000e-01,-1.0000000e+00,-1.0000000e+00,-1.0000000e+00,1.0000000e+00,-5.9609000e-01,-1.0000000e+00,-1.0000000e+00,-1.0000000e+00,-1.0000000e+00,1.0000000e+00,-1.0000000e+00,0.0000000e+00,0.0000000e+00
1.0000000e+00,0.0000000e+00,7.4084000e-01,4.9740000e-02,7.9074000e-01,2.5430000e-02,7.8575000e-01,3.7930000e-02,6.6230000e-01,9.9480000e-02,6.7801000e-01,3.1152000e-01,7.5934000e-01,7.3480000e-02,7.4695000e-01,8.4420000e-02,7.0681000e-01,-7.8530000e-02,6.3613000e-01,0.0000000e+00,7.0021000e-01,1.1355000e-01,6.8183000e-01,1.2185000e-01,6.7016000e-01,1.5445000e-01,6.4158000e-01,1.3608000e-01,6.5707000e-01,1.7539000e-01,5.9759000e-01,1.4697000e-01,5.7455000e-01,1.5114000e-01